tempo,referencia,temperatura
0,100,0
3.1554e-30,100,0
7.3759e-06,100,0
1.4752e-05,100,0
2.2128e-05,100,0
5.4938e-05,100,0
8.7749e-05,100,0
0.00012056,100,0
0.00015337,100,0
0.00030963,100,0
0.00046588,100,0
0.00062214,100,0
0.0007784,100,0
0.001236,100,0
0.0016936,100,0
0.0021512,100,0
0.0026088,100,0
0.0030664,100,0
0.0041322,100,0
0.005198,100,0
0.0062638,100,0
0.0073296,100,0
0.0083954,100,0
0.0094612,100,0
0.011875,100,0
0.014289,100,0
0.016704,100,0
0.019118,100,0
0.021532,100,0
0.023946,100,0
0.028568,100,0
0.03319,100,0
0.037811,100,0
0.042433,100,0
0.047055,100,0
0.051677,100,0
0.063135,100,0
0.074592,100,0
0.086049,100,0
0.097507,100,0
0.10896,100,0
0.12042,100,0
0.15081,100,0
0.1812,100,0
0.21159,100,0
0.24198,100,0
0.27237,100,0
0.41717,100,0
0.56198,100,0
0.70679,100,0
0.8516,100,0
0.99641,100,0
1,100,0
1,100,0
1,100,0
1.0378,100,0
1.0756,100,0
1.1133,100,0
1.1511,100,0
1.2628,100,0
1.3745,100,0
1.4862,100,0
1.5979,100,0
1.8109,100,0
2.0239,100,0
2.237,100,0
2.45,100,0
2.663,100,0
3.2167,100,0
3.7703,100,0
4.324,100,0
4.8776,100,0
5.4313,100,0
6.2462,100,0
7.061,100,0
7.8759,100,0
8.6908,100,0
9.5056,100,0
10.506,100,0
11.506,100,0
12.506,100,0
13.506,100,0
14.506,100,0
15.506,100,0
16.506,100,0
17.506,100,0
18.506,100,0
19.506,100,0
20.506,100,0
21.506,100,0
22.506,100,0
23.506,100,0
24.506,100,0
25.506,100,0
26.506,100,0
27.506,100,0
28.506,100,0
29.506,100,0
30.506,100,0
31.506,100,0
32.506,100,0
33.506,100,0
34.506,100,0
35.506,100,0
36.506,100,0
37.506,100,0
38.506,100,0
39.506,100,0
40.506,100,0
41.506,100,0
42.506,100,0
43.506,100,0
44.506,100,0
45.506,100,0
46.506,100,0
47.506,100,0
48.506,100,0
49.506,100,0
50.506,100,0
51.506,100,0
52.506,100,0
53.506,100,0
54.506,100,0
55.506,100,0
56.506,100,0
57.506,100,0
58.506,100,0
59.506,100,0
60.506,100,0
61.506,100,0
62.506,100,0
63.506,100,0
64.506,100,0
65.506,100,0
66.506,100,0
67.506,100,0
68.506,100,0
69.506,100,0
70.506,100,0
71.506,100,0
72.506,100,0
73.506,100,0
74.506,100,0
75.506,100,0
76.506,100,0
77.506,100,0
78.506,100,0
79.506,100,0
80.506,100,0
81.506,100,0
82.506,100,0
83.506,100,0
84.506,100,1.8565
85.506,100,5.4509
86.506,100,8.944
87.506,100,12.336
88.506,100,15.635
89.506,100,18.84
90.506,100,21.95
91.506,100,24.974
92.506,100,27.914
93.506,100,30.772
94.506,100,33.542
95.506,100,36.232
96.506,100,38.844
97.506,100,41.379
98.506,100,43.839
99.506,100,46.228
100,100,47.373
100.49,100,48.519
100.99,100,49.631
101.48,100,50.743
101.98,100,51.823
102.47,100,52.901
102.97,100,53.949
103.97,100,56.036
104.97,100,58.059
105.97,100,60.022
106.97,100,61.924
107.97,100,63.768
108.97,100,65.556
109.97,100,67.288
110.97,100,68.966
111.97,100,70.592
112.97,100,72.168
113.97,100,73.693
114.97,100,75.17
115.97,100,76.6
116.97,100,77.984
117.97,100,79.324
118.97,100,80.62
119.97,100,81.874
120.97,100,83.087
121.97,100,84.26
122.97,100,85.394
123.97,100,86.49
124.97,100,87.549
125.97,100,88.572
126.97,100,89.56
127.97,100,90.515
128.97,100,91.436
129.97,100,92.326
130.97,100,93.184
131.97,100,94.012
132.97,100,94.81
133.97,100,95.58
134.97,100,96.322
135.97,100,97.036
136.97,100,97.725
137.97,100,98.387
138.97,100,99.025
139.97,100,99.639
140.97,100,100.23
141.97,100,100.8
142.97,100,101.34
143.97,100,101.87
144.97,100,102.37
145.97,100,102.85
146.97,100,103.31
147.97,100,103.76
148.97,100,104.18
149.97,100,104.59
150.97,100,104.98
151.97,100,105.35
152.97,100,105.71
153.97,100,106.05
154.97,100,106.37
155.97,100,106.68
156.97,100,106.98
157.97,100,107.26
158.97,100,107.53
159.97,100,107.78
160.97,100,108.02
161.97,100,108.25
162.97,100,108.47
163.97,100,108.68
164.97,100,108.87
165.97,100,109.05
166.97,100,109.22
167.97,100,109.39
168.97,100,109.54
169.97,100,109.68
170.97,100,109.81
171.97,100,109.94
172.97,100,110.05
173.97,100,110.16
174.97,100,110.26
175.97,100,110.35
176.97,100,110.43
177.97,100,110.51
178.97,100,110.58
179.97,100,110.64
180.97,100,110.7
181.97,100,110.75
182.97,100,110.79
183.97,100,110.83
184.97,100,110.86
185.97,100,110.89
186.97,100,110.91
187.97,100,110.92
188.97,100,110.93
189.97,100,110.94
190.97,100,110.94
191.97,100,110.94
192.97,100,110.93
193.97,100,110.92
194.97,100,110.91
195.97,100,110.89
196.97,100,110.87
197.97,100,110.84
198.97,100,110.81
199.97,100,110.78
200,100,110.78
200.03,100,110.78
200.07,100,110.78
200.1,100,110.77
200.13,100,110.77
200.17,100,110.77
200.2,100,110.77
200.54,100,110.76
200.88,100,110.75
201.21,100,110.73
201.55,100,110.72
201.89,100,110.71
202.23,100,110.7
202.56,100,110.68
203.56,100,110.64
204.56,100,110.59
205.56,100,110.55
206.56,100,110.5
207.56,100,110.45
208.56,100,110.39
209.56,100,110.34
210.56,100,110.28
211.56,100,110.22
212.56,100,110.16
213.56,100,110.09
214.56,100,110.03
215.56,100,109.96
216.56,100,109.9
217.56,100,109.83
218.56,100,109.76
219.56,100,109.69
220.56,100,109.61
221.56,100,109.54
222.56,100,109.47
223.56,100,109.39
224.56,100,109.32
225.56,100,109.24
226.56,100,109.16
227.56,100,109.08
228.56,100,109.01
229.56,100,108.93
230.56,100,108.85
231.56,100,108.77
232.56,100,108.69
233.56,100,108.61
234.56,100,108.52
235.56,100,108.44
236.56,100,108.36
237.56,100,108.28
238.56,100,108.2
239.56,100,108.12
240.56,100,108.04
241.56,100,107.95
242.56,100,107.87
243.56,100,107.79
244.56,100,107.71
245.56,100,107.63
246.56,100,107.55
247.56,100,107.46
248.56,100,107.38
249.56,100,107.3
250.56,100,107.22
251.56,100,107.14
252.56,100,107.06
253.56,100,106.98
254.56,100,106.9
255.56,100,106.82
256.56,100,106.74
257.56,100,106.67
258.56,100,106.59
259.56,100,106.51
260.56,100,106.43
261.56,100,106.36
262.56,100,106.28
263.56,100,106.2
264.56,100,106.13
265.56,100,106.05
266.56,100,105.98
267.56,100,105.91
268.56,100,105.83
269.56,100,105.76
270.56,100,105.69
271.56,100,105.62
272.56,100,105.54
273.56,100,105.47
274.56,100,105.4
275.56,100,105.33
276.56,100,105.27
277.56,100,105.2
278.56,100,105.13
279.56,100,105.06
280.56,100,105
281.56,100,104.93
282.56,100,104.86
283.56,100,104.8
284.56,100,104.74
285.56,100,104.67
286.56,100,104.61
287.56,100,104.55
288.56,100,104.48
289.56,100,104.42
290.56,100,104.36
291.56,100,104.3
292.56,100,104.24
293.56,100,104.19
294.56,100,104.13
295.56,100,104.07
296.56,100,104.01
297.56,100,103.96
298.56,100,103.9
299.56,100,103.85
300,100,103.82
300.44,100,103.8
300.87,100,103.77
301.31,100,103.75
301.75,100,103.73
302.18,100,103.7
302.62,100,103.68
303.62,100,103.63
304.62,100,103.58
305.62,100,103.53
306.62,100,103.47
307.62,100,103.42
308.62,100,103.37
309.62,100,103.33
310.62,100,103.28
311.62,100,103.23
312.62,100,103.18
313.62,100,103.13
314.62,100,103.09
315.62,100,103.04
316.62,100,103
317.62,100,102.95
318.62,100,102.91
319.62,100,102.87
320.62,100,102.82
321.62,100,102.78
322.62,100,102.74
323.62,100,102.7
324.62,100,102.66
325.62,100,102.62
326.62,100,102.58
327.62,100,102.54
328.62,100,102.5
329.62,100,102.46
330.62,100,102.42
331.62,100,102.39
332.62,100,102.35
333.62,100,102.31
334.62,100,102.28
335.62,100,102.24
336.62,100,102.21
337.62,100,102.17
338.62,100,102.14
339.62,100,102.11
340.62,100,102.07
341.62,100,102.04
342.62,100,102.01
343.62,100,101.98
344.62,100,101.95
345.62,100,101.91
346.62,100,101.88
347.62,100,101.85
348.62,100,101.83
349.62,100,101.8
350.62,100,101.77
351.62,100,101.74
352.62,100,101.71
353.62,100,101.68
354.62,100,101.66
355.62,100,101.63
356.62,100,101.6
357.62,100,101.58
358.62,100,101.55
359.62,100,101.53
360.62,100,101.5
361.62,100,101.48
362.62,100,101.45
363.62,100,101.43
364.62,100,101.41
365.62,100,101.38
366.62,100,101.36
367.62,100,101.34
368.62,100,101.32
369.62,100,101.3
370.62,100,101.27
371.62,100,101.25
372.62,100,101.23
373.62,100,101.21
374.62,100,101.19
375.62,100,101.17
376.62,100,101.15
377.62,100,101.13
378.62,100,101.11
379.62,100,101.1
380.62,100,101.08
381.62,100,101.06
382.62,100,101.04
383.62,100,101.02
384.62,100,101.01
385.62,100,100.99
386.62,100,100.97
387.62,100,100.96
388.62,100,100.94
389.62,100,100.92
390.62,100,100.91
391.62,100,100.89
392.62,100,100.88
393.62,100,100.86
394.62,100,100.85
395.62,100,100.83
396.62,100,100.82
397.62,100,100.81
398.62,100,100.79
399.62,100,100.78
400,100,100.77
400.38,100,100.77
400.76,100,100.76
401.14,100,100.76
401.51,100,100.75
401.89,100,100.75
402.27,100,100.74
403.27,100,100.73
404.27,100,100.72
405.27,100,100.71
406.27,100,100.69
407.27,100,100.68
408.27,100,100.67
409.27,100,100.66
410.27,100,100.65
411.27,100,100.64
412.27,100,100.62
413.27,100,100.61
414.27,100,100.6
415.27,100,100.59
416.27,100,100.58
417.27,100,100.57
418.27,100,100.56
419.27,100,100.55
420.27,100,100.54
421.27,100,100.53
422.27,100,100.52
423.27,100,100.51
424.27,100,100.51
425.27,100,100.5
426.27,100,100.49
427.27,100,100.48
428.27,100,100.47
429.27,100,100.46
430.27,100,100.45
431.27,100,100.45
432.27,100,100.44
433.27,100,100.43
434.27,100,100.42
435.27,100,100.41
436.27,100,100.41
437.27,100,100.4
438.27,100,100.39
439.27,100,100.39
440.27,100,100.38
441.27,100,100.37
442.27,100,100.37
443.27,100,100.36
444.27,100,100.35
445.27,100,100.35
446.27,100,100.34
447.27,100,100.33
448.27,100,100.33
449.27,100,100.32
450.27,100,100.32
451.27,100,100.31
452.27,100,100.3
453.27,100,100.3
454.27,100,100.29
455.27,100,100.29
456.27,100,100.28
457.27,100,100.28
458.27,100,100.27
459.27,100,100.27
460.27,100,100.26
461.27,100,100.26
462.27,100,100.25
463.27,100,100.25
464.27,100,100.24
465.27,100,100.24
466.27,100,100.23
467.27,100,100.23
468.27,100,100.23
469.27,100,100.22
470.27,100,100.22
471.27,100,100.21
472.27,100,100.21
473.27,100,100.21
474.27,100,100.2
475.27,100,100.2
476.27,100,100.19
477.27,100,100.19
478.27,100,100.19
479.27,100,100.18
480.27,100,100.18
481.27,100,100.18
482.27,100,100.17
483.27,100,100.17
484.27,100,100.17
485.27,100,100.16
486.27,100,100.16
487.27,100,100.16
488.27,100,100.16
489.27,100,100.15
490.27,100,100.15
491.27,100,100.15
492.27,100,100.14
493.27,100,100.14
494.27,100,100.14
495.27,100,100.14
496.27,100,100.13
497.27,100,100.13
498.27,100,100.13
499.27,100,100.13
500,100,100.12
500.73,100,100.12
501.46,100,100.12
502.19,100,100.12
502.92,100,100.12
503.65,100,100.12
504.38,100,100.11
505.38,100,100.11
506.38,100,100.11
507.38,100,100.11
508.38,100,100.11
509.38,100,100.1
510.38,100,100.1
511.38,100,100.1
512.38,100,100.1
513.38,100,100.1
514.38,100,100.09
515.38,100,100.09
516.38,100,100.09
517.38,100,100.09
518.38,100,100.09
519.38,100,100.09
520.38,100,100.08
521.38,100,100.08
522.38,100,100.08
523.38,100,100.08
524.38,100,100.08
525.38,100,100.08
526.38,100,100.07
527.38,100,100.07
528.38,100,100.07
529.38,100,100.07
530.38,100,100.07
531.38,100,100.07
532.38,100,100.07
533.38,100,100.06
534.38,100,100.06
535.38,100,100.06
536.38,100,100.06
537.38,100,100.06
538.38,100,100.06
539.38,100,100.06
540.38,100,100.06
541.38,100,100.06
542.38,100,100.05
543.38,100,100.05
544.38,100,100.05
545.38,100,100.05
546.38,100,100.05
547.38,100,100.05
548.38,100,100.05
549.38,100,100.05
550.38,100,100.05
551.38,100,100.05
552.38,100,100.04
553.38,100,100.04
554.38,100,100.04
555.38,100,100.04
556.38,100,100.04
557.38,100,100.04
558.38,100,100.04
559.38,100,100.04
560.38,100,100.04
561.38,100,100.04
562.38,100,100.04
563.38,100,100.04
564.38,100,100.03
565.38,100,100.03
566.38,100,100.03
567.38,100,100.03
568.38,100,100.03
569.38,100,100.03
570.38,100,100.03
571.38,100,100.03
572.38,100,100.03
573.38,100,100.03
574.38,100,100.03
575.38,100,100.03
576.38,100,100.03
577.38,100,100.03
578.38,100,100.03
579.38,100,100.03
580.38,100,100.03
581.38,100,100.02
582.38,100,100.02
583.38,100,100.02
584.38,100,100.02
585.38,100,100.02
586.38,100,100.02
587.38,100,100.02
588.38,100,100.02
589.38,100,100.02
590.38,100,100.02
591.38,100,100.02
592.38,100,100.02
593.38,100,100.02
594.38,100,100.02
595.38,100,100.02
596.38,100,100.02
597.38,100,100.02
598.38,100,100.02
599.38,100,100.02
600,100,100.02
600,100,100.02
600,100,100.02
600,100,100.02
600,100,100.02
600,100,100.02
600,100,100.02
600,100,100.02
600,100,100.02
600,100,100.02
600,100,100.02
600,100,100.02
600,100,100.02
600,100,100.02
600,100,100.02
600,100,100.02
600,100,100.02
600,100,100.02
600,100,100.02
600,100,100.02
600,100,100.02
600.01,100.01,100.02
600.02,100.02,100.02
600.03,100.03,100.02
600.03,100.03,100.02
600.11,100.11,100.02
600.19,100.19,100.02
600.26,100.26,100.02
600.34,100.34,100.02
601.1,101.1,100.02
601.87,101.87,100.02
602.63,102.63,100.02
603.4,103.4,100.02
604.4,104.4,100.02
605.4,105.4,100.01
606.4,106.4,100.01
607.4,107.4,100.01
608.4,108.4,100.01
609.4,109.4,100.01
610.4,110.4,100.01
611.4,111.4,100.01
612.4,112.4,100.01
613.4,113.4,100.01
614.4,114.4,100.01
615.4,115.4,100.01
616.4,116.4,100.01
617.4,117.4,100.01
618.4,118.4,100.01
619.4,119.4,100.01
620.4,120.4,100.01
621.4,121.4,100.01
622.4,122.4,100.01
623.4,123.4,100.01
624.4,124.4,100.01
625.4,125.4,100.01
626.4,126.4,100.01
627.4,127.4,100.01
628.4,128.4,100.01
629.4,129.4,100.01
630.4,130.4,100.01
631.4,131.4,100.01
632.4,132.4,100.01
633.4,133.4,100.01
634.4,134.4,100.01
635.4,135.4,100.01
636.4,136.4,100.01
637.4,137.4,100.01
638.4,138.4,100.01
639.4,139.4,100.01
640.4,140.4,100.01
641.4,141.4,100.01
642.4,142.4,100.01
643.4,143.4,100.01
644.4,144.4,100.01
645.4,145.4,100.01
646.4,146.4,100.01
647.4,147.4,100.01
648.4,148.4,100.01
649.4,149.4,100.01
649.5,149.5,100.01
649.6,149.6,100.01
649.7,149.7,100.01
649.8,149.8,100.01
649.9,149.9,100.01
650,150,100.01
650,150,100.01
650,150,100.01
650,150,100.01
650,150,100.01
650,150,100.01
650,150,100.01
650,150,100.01
650,150,100.01
650,150,100.01
650,150,100.01
650,150,100.01
650,150,100.01
650,150,100.01
650,150,100.01
650,150,100.01
650,150,100.01
650,150,100.01
650,150,100.01
650,150,100.01
650,150,100.01
650,150,100.01
650,150,100.01
650.01,150.01,100.01
650.01,150.02,100.01
650.01,150.03,100.01
650.02,150.03,100.01
650.05,150.1,100.01
650.09,150.18,100.01
650.12,150.25,100.01
650.16,150.32,100.01
650.52,151.05,100.01
650.89,151.77,100.01
651.25,152.5,100.01
651.61,153.22,100.01
652.61,155.22,100.01
653.61,157.22,100.01
654.61,159.22,100.01
655.61,161.22,100.01
656.61,163.22,100
657.61,165.22,100
658.61,167.22,100
659.61,169.22,100
660.61,171.22,100
661.61,173.22,100
662.61,175.22,100
663.61,177.22,100
664.61,179.22,100
665.61,181.22,100
666.61,183.22,100
666.71,183.42,100
666.81,183.62,100
666.91,183.82,100
666.92,183.85,100
666.94,183.88,100
666.95,183.9,100
666.96,183.93,100
666.98,183.95,100
666.99,183.98,100
667,184,100
667,184,100
667,184,100
667,184,100
667,184,100
667,184,100
667,184,100
667,184,100
667,184,100
667,184,100
667,184,100
667,184,100
667,184,100
667,184,100
667,184,100
667,184,100
667,184,100
667,184,100
667,184,100
667,184,100
667,184.01,100
667,184.01,100
667.01,184.03,100
667.02,184.05,100
667.02,184.07,100
667.1,184.29,100
667.17,184.5,100
667.24,184.72,100
667.95,186.86,100
668.67,189.01,100
669.39,191.16,100
670.39,194.16,100
671.39,197.16,100
672.39,200.16,100
673.39,203.16,100
674.39,206.16,100
675.39,209.16,100
676.39,212.16,100
677.39,215.16,100
678.39,218.16,100
679.39,221.16,100
679.49,221.46,100
679.59,221.76,100
679.69,222.06,100
679.79,222.36,100
679.89,222.66,100
679.99,222.96,100
680,222.99,100
680,222.99,100
680,222.99,100
680,223,100
680,223,100
680,223,100
680,223,100
680,223,100
680,223,100
680,223,100
680,223,100
680,223,100
680,223,100
680,223,100
680,223,100
680,223,100
680,223,100
680,223,100
680.01,223,100
680.02,223,100
680.03,223,100
680.12,223,100
680.21,223,100
680.3,223,100
681.21,223,100
682.12,223,100
683.02,223,100
684.02,223,100
685.02,223,100.02
686.02,223,100.08
687.02,223,100.17
688.02,223,100.29
689.02,223,100.45
690.02,223,100.64
691.02,223,100.86
692.02,223,101.11
693.02,223,101.39
694.02,223,101.7
695.02,223,102.03
696.02,223,102.4
697.02,223,102.78
698.02,223,103.2
699.02,223,103.64
700,223,104.09
700.98,223,104.56
701.95,223,105.06
702.93,223,105.57
703.9,223,106.11
704.88,223,106.66
705.88,223,107.25
706.88,223,107.86
707.88,223,108.49
708.88,223,109.13
709.88,223,109.8
709.98,223,109.86
709.99,223,109.87
710,223,109.87
710,223,109.87
710,223,109.87
710,223,109.88
710,223,109.88
710,223,109.88
710,223,109.88
710,223,109.88
710,223,109.88
710,223,109.88
710,223,109.88
710,223,109.88
710,223,109.88
710,223,109.88
710,223,109.88
710,223,109.88
710,223,109.88
710,223,109.88
710,223,109.88
710,223,109.88
710,223,109.88
710,222.99,109.88
710,222.98,109.88
710.01,222.97,109.88
710.02,222.86,109.89
710.04,222.76,109.9
710.06,222.66,109.91
710.23,221.64,110.03
710.4,220.62,110.14
710.57,219.6,110.26
711.57,213.6,110.95
712.57,207.6,111.66
713.57,201.6,112.38
714.57,195.6,113.12
715.57,189.6,113.87
716.57,183.6,114.64
717.57,177.6,115.42
718.57,171.6,116.22
719.57,165.6,117.02
720.57,159.6,117.84
721.57,153.6,118.68
722.57,147.6,119.52
723.57,141.6,120.37
724.57,135.6,121.24
725.57,129.6,122.12
726.57,123.6,123
727.57,117.6,123.9
728.57,111.6,124.81
729.57,105.6,125.72
730.57,99.6,126.65
731.57,93.6,127.58
732.57,87.6,128.52
733.57,81.6,129.47
734.57,75.6,130.43
735.57,69.6,131.43
736.57,63.6,132.48
737.57,57.6,133.56
738.57,51.6,134.69
739.57,45.6,135.86
740.57,39.6,137.06
741.57,33.6,138.3
742.57,27.6,139.57
743.57,21.6,140.88
744.57,15.6,142.22
745.57,9.6002,143.6
746.57,3.6002,145.01
746.67,3.0002,145.15
746.77,2.4002,145.29
746.87,1.8002,145.44
746.97,1.2002,145.58
747.07,0.60024,145.72
747.08,0.52175,145.74
747.09,0.44325,145.76
747.11,0.36476,145.78
747.12,0.28626,145.8
747.13,0.20777,145.82
747.15,0.12927,145.84
747.15,0.080611,145.85
747.15,0.07009,145.85
747.16,0.059569,145.85
747.16,0.049048,145.86
747.16,0.045958,145.86
747.16,0.042868,145.86
747.16,0.041709,145.86
747.16,0.040549,145.86
747.16,0.04002,145.86
747.16,0.039984,145.86
747.16,0.039965,145.86
747.16,0.039962,145.86
747.16,0.039963,145.86
747.16,0.039964,145.86
747.16,0.039964,145.86
747.16,0.039964,145.86
747.16,0.039964,145.86
747.16,0.039964,145.86
747.16,0.039964,145.86
747.16,0.039964,145.86
747.16,0.039964,145.86
747.16,0.039964,145.86
747.16,0.039964,145.86
747.16,0.039964,145.86
747.16,0.039964,145.86
747.16,0.039964,145.86
747.18,0.039964,145.88
747.19,0.039964,145.9
747.2,0.039964,145.92
747.34,0.039964,146.11
747.47,0.039964,146.3
747.6,0.039964,146.49
748.6,0.039964,147.95
749.6,0.039964,149.45
750.6,0.039964,150.97
751.6,0.039964,152.54
752.6,0.039964,154.16
753.6,0.039964,155.85
754.6,0.039964,157.59
755.6,0.039964,159.38
756.6,0.039964,161.22
757.6,0.039964,163.12
758.6,0.039964,165.07
759.6,0.039964,167.07
760.6,0.039964,169.12
761.6,0.039964,171.21
762.6,0.039964,173.36
763.6,0.039964,175.54
764.6,0.039964,177.73
765.6,0.039964,179.86
766.6,0.039964,181.93
767.6,0.039964,183.94
768.6,0.039964,185.9
769.6,0.039964,187.8
770.6,0.039964,189.64
771.6,0.039964,191.42
772.6,0.039964,193.14
773.6,0.039964,194.82
774.6,0.039964,196.43
775.6,0.039964,198
776.6,0.039964,199.52
777.6,0.039964,200.98
778.6,0.039964,202.4
779.6,0.039964,203.77
780.6,0.039964,205.1
781.6,0.039964,206.38
782.6,0.039964,207.63
783.6,0.039964,208.82
784.6,0.039964,209.98
785.6,0.039964,211.1
786.6,0.039964,212.18
787.6,0.039964,213.22
788.6,0.039964,214.23
789.6,0.039964,215.2
790.6,0.039964,216.14
791.6,0.039964,217.04
792.6,0.039964,217.92
793.6,0.039964,218.76
794.6,0.039964,219.52
795.6,0.039964,220.05
796.6,0.039964,220.35
797.6,0.039964,220.42
798.6,0.039964,220.26
799.6,0.039964,219.87
800,0.039964,219.63
800.4,0.039964,219.4
800.8,0.039964,219.11
801.2,0.039964,218.79
801.61,0.039964,218.46
802.01,0.039964,218.06
803.01,0.039964,216.96
804.01,0.039964,215.68
805.01,0.039964,214.2
806.01,0.039964,212.55
807.01,0.039964,210.71
808.01,0.039964,208.7
809.01,0.039964,206.53
810.01,0.039964,204.19
811.01,0.039964,201.69
812.01,0.039964,199.04
813.01,0.039964,196.24
814.01,0.039964,193.29
815.01,0.039964,190.21
816.01,0.039964,186.99
817.01,0.039964,183.64
818.01,0.039964,180.16
819.01,0.039964,176.56
820.01,0.039964,172.84
821.01,0.039964,169
822.01,0.039964,165.05
823.01,0.039964,160.99
824.01,0.039964,156.83
825.01,0.039964,152.56
826.01,0.039964,148.19
827.01,0.039964,143.73
828.01,0.039964,139.18
829.01,0.039964,134.53
830.01,0.039964,129.8
831.01,0.039964,125
832.01,0.039964,120.2
833.01,0.039964,115.52
834.01,0.039964,110.97
835.01,0.039964,106.55
836.01,0.039964,102.27
837.01,0.039964,98.102
838.01,0.039964,94.06
839.01,0.039964,90.137
840.01,0.039964,86.33
841.01,0.039964,82.635
842.01,0.039964,79.049
843.01,0.039964,75.571
844.01,0.039964,72.196
845.01,0.039964,68.923
846.01,0.039964,65.749
847.01,0.039964,62.671
848.01,0.039964,59.687
849.01,0.039964,56.794
850.01,0.039964,53.991
851.01,0.039964,51.273
852.01,0.039964,48.641
853.01,0.039964,46.09
854.01,0.039964,43.62
855.01,0.039964,41.227
856.01,0.039964,38.91
857.01,0.039964,36.667
858.01,0.039964,34.496
859.01,0.039964,32.395
860.01,0.039964,30.362
861.01,0.039964,28.396
862.01,0.039964,26.494
863.01,0.039964,24.654
864.01,0.039964,22.876
865.01,0.039964,21.157
866.01,0.039964,19.496
867.01,0.039964,17.892
868.01,0.039964,16.342
869.01,0.039964,14.845
870.01,0.039964,13.4
871.01,0.039964,12.005
872.01,0.039964,10.66
873.01,0.039964,9.3617
874.01,0.039964,8.1099
875.01,0.039964,6.9031
876.01,0.039964,5.7401
877.01,0.039964,4.6196
878.01,0.039964,3.5403
879.01,0.039964,2.5013
880.01,0.039964,1.5012
881.01,0.039964,0.5391
882.01,0.039964,-0.3862
883.01,0.039964,-1.2757
884.01,0.039964,-2.1345
885.01,0.039964,-2.9548
886.01,0.039964,-3.7436
887.01,0.039964,-4.4999
888.01,0.039964,-5.2254
889.01,0.039964,-5.9208
890.01,0.039964,-6.5871
891.01,0.039964,-7.2252
892.01,0.039964,-7.8358
893.01,0.039964,-8.4199
894.01,0.039964,-8.9781
895.01,0.039964,-9.5113
896.01,0.039964,-10.02
897.01,0.039964,-10.506
898.01,0.039964,-10.968
899.01,0.039964,-11.409
900,0.039964,-11.824
900.99,0.039964,-12.22
901.98,0.039964,-12.595
902.98,0.039964,-12.951
903.97,0.039964,-13.289
904.96,0.039964,-13.608
905.96,0.039964,-13.912
906.96,0.039964,-14.199
907.96,0.039964,-14.47
908.96,0.039964,-14.724
909.96,0.039964,-14.963
910.96,0.039964,-15.187
911.96,0.039964,-15.396
912.96,0.039964,-15.591
913.96,0.039964,-15.772
914.96,0.039964,-15.94
915.96,0.039964,-16.095
916.96,0.039964,-16.238
917.96,0.039964,-16.369
918.96,0.039964,-16.489
919.96,0.039964,-16.597
920.96,0.039964,-16.695
921.96,0.039964,-16.782
922.96,0.039964,-16.86
923.96,0.039964,-16.928
924.96,0.039964,-16.986
925.96,0.039964,-17.036
926.96,0.039964,-17.076
927.96,0.039964,-17.109
928.96,0.039964,-17.134
929.96,0.039964,-17.15
930.96,0.039964,-17.16
931.96,0.039964,-17.162
932.96,0.039964,-17.158
933.96,0.039964,-17.146
934.96,0.039964,-17.129
935.96,0.039964,-17.105
936.96,0.039964,-17.076
937.96,0.039964,-17.041
938.96,0.039964,-17
939.96,0.039964,-16.955
940.96,0.039964,-16.904
941.96,0.039964,-16.849
942.96,0.039964,-16.789
943.96,0.039964,-16.725
944.96,0.039964,-16.657
945.96,0.039964,-16.585
946.96,0.039964,-16.509
947.96,0.039964,-16.429
948.96,0.039964,-16.346
949.96,0.039964,-16.26
950.96,0.039964,-16.171
951.96,0.039964,-16.079
952.96,0.039964,-15.984
953.96,0.039964,-15.886
954.96,0.039964,-15.786
955.96,0.039964,-15.683
956.96,0.039964,-15.578
957.96,0.039964,-15.471
958.96,0.039964,-15.362
959.96,0.039964,-15.251
960.96,0.039964,-15.139
961.96,0.039964,-15.025
962.96,0.039964,-14.909
963.96,0.039964,-14.792
964.96,0.039964,-14.673
965.96,0.039964,-14.553
966.96,0.039964,-14.432
967.96,0.039964,-14.311
968.96,0.039964,-14.188
969.96,0.039964,-14.064
970.96,0.039964,-13.939
971.96,0.039964,-13.814
972.96,0.039964,-13.688
973.96,0.039964,-13.562
974.96,0.039964,-13.435
975.96,0.039964,-13.307
976.96,0.039964,-13.18
977.96,0.039964,-13.052
978.96,0.039964,-12.923
979.96,0.039964,-12.795
980.96,0.039964,-12.666
981.96,0.039964,-12.538
982.96,0.039964,-12.409
983.96,0.039964,-12.281
984.96,0.039964,-12.152
985.96,0.039964,-12.024
986.96,0.039964,-11.896
987.96,0.039964,-11.768
988.96,0.039964,-11.64
989.96,0.039964,-11.513
990.96,0.039964,-11.386
991.96,0.039964,-11.259
992.96,0.039964,-11.133
993.96,0.039964,-11.008
994.96,0.039964,-10.882
995.96,0.039964,-10.758
996.96,0.039964,-10.634
997.96,0.039964,-10.51
998.96,0.039964,-10.387
999.96,0.039964,-10.265
1000,0.039964,-10.26
1000,0.039964,-10.255
1000.1,0.039964,-10.25
1000.1,0.039964,-10.246
1000.2,0.039964,-10.241
1000.2,0.039964,-10.236
1000.6,0.039964,-10.189
1001,0.039964,-10.142
1001.4,0.039964,-10.095
1001.8,0.039964,-10.047
1002.1,0.039964,-10.001
1002.5,0.039964,-9.9537
1003.5,0.039964,-9.8338
1004.5,0.039964,-9.7146
1005.5,0.039964,-9.5962
1006.5,0.039964,-9.4785
1007.5,0.039964,-9.3616
1008.5,0.039964,-9.2455
1009.5,0.039964,-9.1302
1010.5,0.039964,-9.0157
1011.5,0.039964,-8.9021
1012.5,0.039964,-8.7893
1013.5,0.039964,-8.6774
1014.5,0.039964,-8.5664
1015.5,0.039964,-8.4562
1016.5,0.039964,-8.347
1017.5,0.039964,-8.2386
1018.5,0.039964,-8.1312
1019.5,0.039964,-8.0246
1020.5,0.039964,-7.919
1021.5,0.039964,-7.8144
1022.5,0.039964,-7.7106
1023.5,0.039964,-7.6078
1024.5,0.039964,-7.506
1025.5,0.039964,-7.4051
1026.5,0.039964,-7.3051
1027.5,0.039964,-7.2061
1028.5,0.039964,-7.108
1029.5,0.039964,-7.011
1030.5,0.039964,-6.9148
1031.5,0.039964,-6.8197
1032.5,0.039964,-6.7255
1033.5,0.039964,-6.6322
1034.5,0.039964,-6.5399
1035.5,0.039964,-6.4486
1036.5,0.039964,-6.3582
1037.5,0.039964,-6.2688
1038.5,0.039964,-6.1804
1039.5,0.039964,-6.0929
1040.5,0.039964,-6.0064
1041.5,0.039964,-5.9208
1042.5,0.039964,-5.8361
1043.5,0.039964,-5.7524
1044.5,0.039964,-5.6696
1045.5,0.039964,-5.5878
1046.5,0.039964,-5.5069
1047.5,0.039964,-5.427
1048.5,0.039964,-5.3479
1049.5,0.039964,-5.2698
1050.5,0.039964,-5.1926
1051.5,0.039964,-5.1163
1052.5,0.039964,-5.0409
1053.5,0.039964,-4.9664
1054.5,0.039964,-4.8928
1055.5,0.039964,-4.8201
1056.5,0.039964,-4.7483
1057.5,0.039964,-4.6774
1058.5,0.039964,-4.6073
1059.5,0.039964,-4.5381
1060.5,0.039964,-4.4698
1061.5,0.039964,-4.4023
1062.5,0.039964,-4.3356
1063.5,0.039964,-4.2698
1064.5,0.039964,-4.2049
1065.5,0.039964,-4.1408
1066.5,0.039964,-4.0774
1067.5,0.039964,-4.0149
1068.5,0.039964,-3.9533
1069.5,0.039964,-3.8924
1070.5,0.039964,-3.8323
1071.5,0.039964,-3.773
1072.5,0.039964,-3.7144
1073.5,0.039964,-3.6567
1074.5,0.039964,-3.5997
1075.5,0.039964,-3.5435
1076.5,0.039964,-3.488
1077.5,0.039964,-3.4333
1078.5,0.039964,-3.3793
1079.5,0.039964,-3.3261
1080.5,0.039964,-3.2735
1081.5,0.039964,-3.2217
1082.5,0.039964,-3.1706
1083.5,0.039964,-3.1202
1084.5,0.039964,-3.0704
1085.5,0.039964,-3.0214
1086.5,0.039964,-2.973
1087.5,0.039964,-2.9254
1088.5,0.039964,-2.8784
1089.5,0.039964,-2.832
1090.5,0.039964,-2.7864
1091.5,0.039964,-2.7413
1092.5,0.039964,-2.6969
1093.5,0.039964,-2.6531
1094.5,0.039964,-2.61
1095.5,0.039964,-2.5675
1096.5,0.039964,-2.5256
1097.5,0.039964,-2.4842
1098.5,0.039964,-2.4435
1099.5,0.039964,-2.4034
1100,0.039964,-2.3847
1100.5,0.039964,-2.366
1100.9,0.039964,-2.3476
1101.4,0.039964,-2.3292
1101.9,0.039964,-2.311
1102.4,0.039964,-2.2929
1103.4,0.039964,-2.2549
1104.4,0.039964,-2.2175
1105.4,0.039964,-2.1807
1106.4,0.039964,-2.1444
1107.4,0.039964,-2.1087
1108.4,0.039964,-2.0735
1109.4,0.039964,-2.0388
1110.4,0.039964,-2.0046
1111.4,0.039964,-1.9709
1112.4,0.039964,-1.9377
1113.4,0.039964,-1.9051
1114.4,0.039964,-1.8729
1115.4,0.039964,-1.8412
1116.4,0.039964,-1.81
1117.4,0.039964,-1.7792
1118.4,0.039964,-1.749
1119.4,0.039964,-1.7191
1120.4,0.039964,-1.6898
1121.4,0.039964,-1.6609
1122.4,0.039964,-1.6324
1123.4,0.039964,-1.6044
1124.4,0.039964,-1.5768
1125.4,0.039964,-1.5496
1126.4,0.039964,-1.5228
1127.4,0.039964,-1.4965
1128.4,0.039964,-1.4706
1129.4,0.039964,-1.445
1130.4,0.039964,-1.4199
1131.4,0.039964,-1.3952
1132.4,0.039964,-1.3708
1133.4,0.039964,-1.3468
1134.4,0.039964,-1.3232
1135.4,0.039964,-1.3
1136.4,0.039964,-1.2772
1137.4,0.039964,-1.2547
1138.4,0.039964,-1.2325
1139.4,0.039964,-1.2107
1140.4,0.039964,-1.1893
1141.4,0.039964,-1.1682
1142.4,0.039964,-1.1474
1143.4,0.039964,-1.127
1144.4,0.039964,-1.1069
1145.4,0.039964,-1.0871
1146.4,0.039964,-1.0676
1147.4,0.039964,-1.0485
1148.4,0.039964,-1.0296
1149.4,0.039964,-1.0111
1150.4,0.039964,-0.99286
1151.4,0.039964,-0.97491
1152.4,0.039964,-0.95726
1153.4,0.039964,-0.93989
1154.4,0.039964,-0.9228
1155.4,0.039964,-0.90599
1156.4,0.039964,-0.88946
1157.4,0.039964,-0.8732
1158.4,0.039964,-0.8572
1159.4,0.039964,-0.84146
1160.4,0.039964,-0.82599
1161.4,0.039964,-0.81077
1162.4,0.039964,-0.79579
1163.4,0.039964,-0.78107
1164.4,0.039964,-0.76659
1165.4,0.039964,-0.75235
1166.4,0.039964,-0.73834
1167.4,0.039964,-0.72457
1168.4,0.039964,-0.71103
1169.4,0.039964,-0.69771
1170.4,0.039964,-0.68462
1171.4,0.039964,-0.67174
1172.4,0.039964,-0.65908
1173.4,0.039964,-0.64663
1174.4,0.039964,-0.63439
1175.4,0.039964,-0.62235
1176.4,0.039964,-0.61052
1177.4,0.039964,-0.59888
1178.4,0.039964,-0.58744
1179.4,0.039964,-0.5762
1180.4,0.039964,-0.56515
1181.4,0.039964,-0.55428
1182.4,0.039964,-0.54359
1183.4,0.039964,-0.53309
1184.4,0.039964,-0.52276
1185.4,0.039964,-0.51261
1186.4,0.039964,-0.50263
1187.4,0.039964,-0.49283
1188.4,0.039964,-0.48319
1189.4,0.039964,-0.47372
1190.4,0.039964,-0.46441
1191.4,0.039964,-0.45526
1192.4,0.039964,-0.44627
1193.4,0.039964,-0.43743
1194.4,0.039964,-0.42874
1195.4,0.039964,-0.42021
1196.4,0.039964,-0.41182
1197.4,0.039964,-0.40357
1198.4,0.039964,-0.39547
1199.4,0.039964,-0.38751
1200,0.039964,-0.38251
1200.6,0.039964,-0.37755
1201.3,0.039964,-0.37263
1201.9,0.039964,-0.36779
1202.6,0.039964,-0.36299
1203.2,0.039964,-0.35825
1204.2,0.039964,-0.35093
1205.2,0.039964,-0.34374
1206.2,0.039964,-0.33668
1207.2,0.039964,-0.32974
1208.2,0.039964,-0.32293
1209.2,0.039964,-0.31623
1210.2,0.039964,-0.30965
1211.2,0.039964,-0.30319
1212.2,0.039964,-0.29684
1213.2,0.039964,-0.2906
1214.2,0.039964,-0.28447
1215.2,0.039964,-0.27845
1216.2,0.039964,-0.27253
1217.2,0.039964,-0.26672
1218.2,0.039964,-0.26102
1219.2,0.039964,-0.25541
1220.2,0.039964,-0.24991
1221.2,0.039964,-0.2445
1222.2,0.039964,-0.23918
1223.2,0.039964,-0.23397
1224.2,0.039964,-0.22884
1225.2,0.039964,-0.22381
1226.2,0.039964,-0.21886
1227.2,0.039964,-0.21401
1228.2,0.039964,-0.20924
1229.2,0.039964,-0.20456
1230.2,0.039964,-0.19996
1231.2,0.039964,-0.19544
1232.2,0.039964,-0.191
1233.2,0.039964,-0.18665
1234.2,0.039964,-0.18237
1235.2,0.039964,-0.17817
1236.2,0.039964,-0.17405
1237.2,0.039964,-0.17
1238.2,0.039964,-0.16602
1239.2,0.039964,-0.16211
1240.2,0.039964,-0.15828
1241.2,0.039964,-0.15451
1242.2,0.039964,-0.15082
1243.2,0.039964,-0.14719
1244.2,0.039964,-0.14362
1245.2,0.039964,-0.14013
1246.2,0.039964,-0.13669
1247.2,0.039964,-0.13332
1248.2,0.039964,-0.13001
1249.2,0.039964,-0.12676
1250.2,0.039964,-0.12357
1251.2,0.039964,-0.12043
1252.2,0.039964,-0.11736
1253.2,0.039964,-0.11434
1254.2,0.039964,-0.11138
1255.2,0.039964,-0.10847
1256.2,0.039964,-0.10561
1257.2,0.039964,-0.10281
1258.2,0.039964,-0.10006
1259.2,0.039964,-0.097359
1260.2,0.039964,-0.094708
1261.2,0.039964,-0.092107
1262.2,0.039964,-0.089553
1263.2,0.039964,-0.087047
1264.2,0.039964,-0.084587
1265.2,0.039964,-0.082173
1266.2,0.039964,-0.079804
1267.2,0.039964,-0.077479
1268.2,0.039964,-0.075197
1269.2,0.039964,-0.072957
1270.2,0.039964,-0.070759
1271.2,0.039964,-0.068602
1272.2,0.039964,-0.066486
1273.2,0.039964,-0.064408
1274.2,0.039964,-0.06237
1275.2,0.039964,-0.06037
1276.2,0.039964,-0.058407
1277.2,0.039964,-0.056482
1278.2,0.039964,-0.054592
1279.2,0.039964,-0.052738
1280.2,0.039964,-0.050918
1281.2,0.039964,-0.049133
1282.2,0.039964,-0.047382
1283.2,0.039964,-0.045663
1284.2,0.039964,-0.043976
1285.2,0.039964,-0.042321
1286.2,0.039964,-0.040699
1287.2,0.039964,-0.039105
1288.2,0.039964,-0.037543
1289.2,0.039964,-0.036011
1290.2,0.039964,-0.034507
1291.2,0.039964,-0.033032
1292.2,0.039964,-0.031585
1293.2,0.039964,-0.030166
1294.2,0.039964,-0.028773
1295.2,0.039964,-0.027407
1296.2,0.039964,-0.026068
1297.2,0.039964,-0.024753
1298.2,0.039964,-0.023464
1299.2,0.039964,-0.0222
1300,0.039964,-0.021203
1300.8,0.039964,-0.02022
1301.6,0.039964,-0.019252
1302.4,0.039964,-0.018297
1303.2,0.039964,-0.017357
1304,0.039964,-0.016434
1305,0.039964,-0.015305
1306,0.039964,-0.014196
1307,0.039964,-0.01311
1308,0.039964,-0.012044
1309,0.039964,-0.010998
1310,0.039964,-0.0099732
1311,0.039964,-0.0089678
1312,0.039964,-0.0079819
1313,0.039964,-0.007015
1314,0.039964,-0.0060668
1315,0.039964,-0.005137
1316,0.039964,-0.0042252
1317,0.039964,-0.0033311
1318,0.039964,-0.0024543
1319,0.039964,-0.0015946
1320,0.039964,-0.00075162
1321,0.039964,7.4963e-05
1322,0.039964,0.00088544
1323,0.039964,0.0016801
1324,0.039964,0.0024593
1325,0.039964,0.0032232
1326,0.039964,0.0039723
1327,0.039964,0.0047066
1328,0.039964,0.0054266
1329,0.039964,0.0061325
1330,0.039964,0.0068245
1331,0.039964,0.007503
1332,0.039964,0.0081681
1333,0.039964,0.0088202
1334,0.039964,0.0094594
1335,0.039964,0.010086
1336,0.039964,0.0107
1337,0.039964,0.011302
1338,0.039964,0.011893
1339,0.039964,0.012471
1340,0.039964,0.013039
1341,0.039964,0.013594
1342,0.039964,0.014139
1343,0.039964,0.014674
1344,0.039964,0.015197
1345,0.039964,0.01571
1346,0.039964,0.016213
1347,0.039964,0.016706
1348,0.039964,0.017189
1349,0.039964,0.017663
1350,0.039964,0.018127
1351,0.039964,0.018582
1352,0.039964,0.019027
1353,0.039964,0.019464
1354,0.039964,0.019892
1355,0.039964,0.020312
1356,0.039964,0.020723
1357,0.039964,0.021126
1358,0.039964,0.02152
1359,0.039964,0.021907
1360,0.039964,0.022286
1361,0.039964,0.022658
1362,0.039964,0.023022
1363,0.039964,0.023378
1364,0.039964,0.023728
1365,0.039964,0.02407
1366,0.039964,0.024406
1367,0.039964,0.024734
1368,0.039964,0.025056
1369,0.039964,0.025372
1370,0.039964,0.025681
1371,0.039964,0.025984
1372,0.039964,0.02628
1373,0.039964,0.026571
1374,0.039964,0.026856
1375,0.039964,0.027135
1376,0.039964,0.027408
1377,0.039964,0.027676
1378,0.039964,0.027938
1379,0.039964,0.028195
1380,0.039964,0.028446
1381,0.039964,0.028693
1382,0.039964,0.028934
1383,0.039964,0.029171
1384,0.039964,0.029403
1385,0.039964,0.029629
1386,0.039964,0.029851
1387,0.039964,0.030069
1388,0.039964,0.030283
1389,0.039964,0.030491
1390,0.039964,0.030696
1391,0.039964,0.030896
1392,0.039964,0.031092
1393,0.039964,0.031284
1394,0.039964,0.031472
1395,0.039964,0.031656
1396,0.039964,0.031837
1397,0.039964,0.032013
1398,0.039964,0.032186
1399,0.039964,0.032356
1400,0.039964,0.032518
1401,0.039964,0.032678
1402,0.039964,0.032834
1402.9,0.039964,0.032987
1403.9,0.039964,0.033137
1404.9,0.039964,0.033283
1405.9,0.039964,0.03343
1406.9,0.039964,0.033573
1407.9,0.039964,0.033714
1408.9,0.039964,0.033851
1409.9,0.039964,0.033986
1410.9,0.039964,0.034118
1411.9,0.039964,0.034246
1412.9,0.039964,0.034373
1413.9,0.039964,0.034496
1414.9,0.039964,0.034617
1415.9,0.039964,0.034736
1416.9,0.039964,0.034852
1417.9,0.039964,0.034965
1418.9,0.039964,0.035077
1419.9,0.039964,0.035185
1420.9,0.039964,0.035292
1421.9,0.039964,0.035396
1422.9,0.039964,0.035498
1423.9,0.039964,0.035598
1424.9,0.039964,0.035695
1425.9,0.039964,0.035791
1426.9,0.039964,0.035885
1427.9,0.039964,0.035976
1428.9,0.039964,0.036066
1429.9,0.039964,0.036154
1430.9,0.039964,0.036239
1431.9,0.039964,0.036323
1432.9,0.039964,0.036406
1433.9,0.039964,0.036486
1434.9,0.039964,0.036565
1435.9,0.039964,0.036642
1436.9,0.039964,0.036717
1437.9,0.039964,0.036791
1438.9,0.039964,0.036863
1439.9,0.039964,0.036934
1440.9,0.039964,0.037003
1441.9,0.039964,0.03707
1442.9,0.039964,0.037137
1443.9,0.039964,0.037201
1444.9,0.039964,0.037264
1445.9,0.039964,0.037326
1446.9,0.039964,0.037387
1447.9,0.039964,0.037446
1448.9,0.039964,0.037504
1449.9,0.039964,0.037561
1450.9,0.039964,0.037616
1451.9,0.039964,0.037671
1452.9,0.039964,0.037724
1453.9,0.039964,0.037776
1454.9,0.039964,0.037826
1455.9,0.039964,0.037876
1456.9,0.039964,0.037925
1457.9,0.039964,0.037972
1458.9,0.039964,0.038019
1459.9,0.039964,0.038064
1460.9,0.039964,0.038108
1461.9,0.039964,0.038152
1462.9,0.039964,0.038194
1463.9,0.039964,0.038236
1464.9,0.039964,0.038277
1465.9,0.039964,0.038316
1466.9,0.039964,0.038355
1467.9,0.039964,0.038393
1468.9,0.039964,0.03843
1469.9,0.039964,0.038467
1470.9,0.039964,0.038502
1471.9,0.039964,0.038537
1472.9,0.039964,0.038571
1473.9,0.039964,0.038604
1474.9,0.039964,0.038637
1475.9,0.039964,0.038668
1476.9,0.039964,0.038699
1477.9,0.039964,0.03873
1478.9,0.039964,0.038759
1479.9,0.039964,0.038788
1480.9,0.039964,0.038817
1481.9,0.039964,0.038844
1482.9,0.039964,0.038871
1483.9,0.039964,0.038898
1484.9,0.039964,0.038924
1485.9,0.039964,0.038949
1486.9,0.039964,0.038974
1487.9,0.039964,0.038998
1488.9,0.039964,0.039021
1489.9,0.039964,0.039044
1490.9,0.039964,0.039067
1491.9,0.039964,0.039089
1492.9,0.039964,0.03911
1493.9,0.039964,0.039131
1494.9,0.039964,0.039152
1495.9,0.039964,0.039172
1496.9,0.039964,0.039191
1497.9,0.039964,0.039211
1498.9,0.039964,0.039229
1499.9,0.039964,0.039248
1500,0.039964,0.039249
1500.1,0.039964,0.039251
1500.2,0.039964,0.039253
1500.3,0.039964,0.039254
1500.4,0.039964,0.039256
1500.5,0.039964,0.039258
1501.4,0.039964,0.039274
1502.4,0.039964,0.039291
1503.3,0.039964,0.039307
1504.3,0.039964,0.039322
1505.2,0.039964,0.039338
1506.1,0.039964,0.039352
1507.1,0.039964,0.039368
1508.1,0.039964,0.039383
1509.1,0.039964,0.039398
1510.1,0.039964,0.039412
1511.1,0.039964,0.039426
1512.1,0.039964,0.03944
1513.1,0.039964,0.039453
1514.1,0.039964,0.039466
1515.1,0.039964,0.039479
1516.1,0.039964,0.039491
1517.1,0.039964,0.039504
1518.1,0.039964,0.039516
1519.1,0.039964,0.039527
1520.1,0.039964,0.039538
1521.1,0.039964,0.039549
1522.1,0.039964,0.03956
1523.1,0.039964,0.039571
1524.1,0.039964,0.039581
1525.1,0.039964,0.039591
1526.1,0.039964,0.039601
1527.1,0.039964,0.039611
1528.1,0.039964,0.03962
1529.1,0.039964,0.039629
1530.1,0.039964,0.039638
1531.1,0.039964,0.039647
1532.1,0.039964,0.039655
1533.1,0.039964,0.039663
1534.1,0.039964,0.039671
1535.1,0.039964,0.039679
1536.1,0.039964,0.039687
1537.1,0.039964,0.039694
1538.1,0.039964,0.039702
1539.1,0.039964,0.039709
1540.1,0.039964,0.039716
1541.1,0.039964,0.039723
1542.1,0.039964,0.039729
1543.1,0.039964,0.039736
1544.1,0.039964,0.039742
1545.1,0.039964,0.039748
1546.1,0.039964,0.039754
1547.1,0.039964,0.03976
1548.1,0.039964,0.039766
1549.1,0.039964,0.039771
1550.1,0.039964,0.039777
1551.1,0.039964,0.039782
1552.1,0.039964,0.039787
1553.1,0.039964,0.039792
1554.1,0.039964,0.039797
1555.1,0.039964,0.039802
1556.1,0.039964,0.039806
1557.1,0.039964,0.039811
1558.1,0.039964,0.039815
1559.1,0.039964,0.03982
1560.1,0.039964,0.039824
1561.1,0.039964,0.039828
1562.1,0.039964,0.039832
1563.1,0.039964,0.039836
1564.1,0.039964,0.03984
1565.1,0.039964,0.039843
1566.1,0.039964,0.039847
1567.1,0.039964,0.03985
1568.1,0.039964,0.039854
1569.1,0.039964,0.039857
1570.1,0.039964,0.03986
1571.1,0.039964,0.039863
1572.1,0.039964,0.039867
1573.1,0.039964,0.03987
1574.1,0.039964,0.039872
1575.1,0.039964,0.039875
1576.1,0.039964,0.039878
1577.1,0.039964,0.039881
1578.1,0.039964,0.039883
1579.1,0.039964,0.039886
1580.1,0.039964,0.039888
1581.1,0.039964,0.039891
1582.1,0.039964,0.039893
1583.1,0.039964,0.039895
1584.1,0.039964,0.039898
1585.1,0.039964,0.0399
1586.1,0.039964,0.039902
1587.1,0.039964,0.039904
1588.1,0.039964,0.039906
1589.1,0.039964,0.039908
1590.1,0.039964,0.03991
1591.1,0.039964,0.039912
1592.1,0.039964,0.039913
1593.1,0.039964,0.039915
1594.1,0.039964,0.039917
1595.1,0.039964,0.039919
1596.1,0.039964,0.03992
1597.1,0.039964,0.039922
1598.1,0.039964,0.039923
1599.1,0.039964,0.039925
1600,0.039964,0.039926
1600.9,0.039964,0.039927
1601.7,0.039964,0.039928
1602.6,0.039964,0.039929
1603.4,0.039964,0.03993
1604.3,0.039964,0.039932
1605.3,0.039964,0.039933
1606.3,0.039964,0.039934
1607.3,0.039964,0.039935
1608.3,0.039964,0.039936
1609.3,0.039964,0.039937
1610.3,0.039964,0.039938
1611.3,0.039964,0.039939
1612.3,0.039964,0.03994
1613.3,0.039964,0.039941
1614.3,0.039964,0.039942
1615.3,0.039964,0.039943
1616.3,0.039964,0.039944
1617.3,0.039964,0.039945
1618.3,0.039964,0.039946
1619.3,0.039964,0.039947
1620.3,0.039964,0.039947
1621.3,0.039964,0.039948
1622.3,0.039964,0.039949
1623.3,0.039964,0.03995
1624.3,0.039964,0.03995
1625.3,0.039964,0.039951
1626.3,0.039964,0.039952
1627.3,0.039964,0.039952
1628.3,0.039964,0.039953
1629.3,0.039964,0.039953
1630.3,0.039964,0.039954
1631.3,0.039964,0.039955
1632.3,0.039964,0.039955
1633.3,0.039964,0.039956
1634.3,0.039964,0.039956
1635.3,0.039964,0.039957
1636.3,0.039964,0.039957
1637.3,0.039964,0.039958
1638.3,0.039964,0.039958
1639.3,0.039964,0.039958
1640.3,0.039964,0.039959
1641.3,0.039964,0.039959
1642.3,0.039964,0.03996
1643.3,0.039964,0.03996
1644.3,0.039964,0.03996
1645.3,0.039964,0.039961
1646.3,0.039964,0.039961
1647.3,0.039964,0.039961
1648.3,0.039964,0.039962
1649.3,0.039964,0.039962
1650.3,0.039964,0.039962
1651.3,0.039964,0.039962
1652.3,0.039964,0.039963
1653.3,0.039964,0.039963
1654.3,0.039964,0.039963
1655.3,0.039964,0.039963
1656.3,0.039964,0.039964
1657.3,0.039964,0.039964
1658.3,0.039964,0.039964
1659.3,0.039964,0.039964
1660.3,0.039964,0.039965
1661.3,0.039964,0.039965
1662.3,0.039964,0.039965
1663.3,0.039964,0.039965
1664.3,0.039964,0.039965
1665.3,0.039964,0.039965
1666.3,0.039964,0.039965
1667.3,0.039964,0.039966
1668.3,0.039964,0.039966
1669.3,0.039964,0.039966
1670.3,0.039964,0.039966
1671.3,0.039964,0.039966
1672.3,0.039964,0.039966
1673.3,0.039964,0.039966
1674.3,0.039964,0.039966
1675.3,0.039964,0.039967
1676.3,0.039964,0.039967
1677.3,0.039964,0.039967
1678.3,0.039964,0.039967
1679.3,0.039964,0.039967
1680.3,0.039964,0.039967
1681.3,0.039964,0.039967
1682.3,0.039964,0.039967
1683.3,0.039964,0.039967
1684.3,0.039964,0.039967
1685.3,0.039964,0.039967
1686.3,0.039964,0.039967
1687.3,0.039964,0.039967
1688.3,0.039964,0.039967
1689.3,0.039964,0.039967
1690.3,0.039964,0.039967
1691.3,0.039964,0.039967
1692.3,0.039964,0.039968
1693.3,0.039964,0.039968
1694.3,0.039964,0.039968
1695.3,0.039964,0.039968
1696.3,0.039964,0.039968
1697.3,0.039964,0.039968
1698.3,0.039964,0.039968
1699.3,0.039964,0.039968
1700,0.039964,0.039968
1700.7,0.039964,0.039968
1701.5,0.039964,0.039968
1702.2,0.039964,0.039968
1703,0.039964,0.039968
1703.7,0.039964,0.039968
1704.7,0.039964,0.039968
1705.7,0.039964,0.039968
1706.7,0.039964,0.039968
1707.7,0.039964,0.039968
1708.7,0.039964,0.039968
1709.7,0.039964,0.039968
1710.7,0.039964,0.039968
1711.7,0.039964,0.039968
1712.7,0.039964,0.039968
1713.7,0.039964,0.039968
1714.7,0.039964,0.039968
1715.7,0.039964,0.039968
1716.7,0.039964,0.039968
1717.7,0.039964,0.039968
1718.7,0.039964,0.039968
1719.7,0.039964,0.039968
1720.7,0.039964,0.039968
1721.7,0.039964,0.039967
1722.7,0.039964,0.039967
1723.7,0.039964,0.039967
1724.7,0.039964,0.039967
1725.7,0.039964,0.039967
1726.7,0.039964,0.039967
1727.7,0.039964,0.039967
1728.7,0.039964,0.039967
1729.7,0.039964,0.039967
1730.7,0.039964,0.039967
1731.7,0.039964,0.039967
1732.7,0.039964,0.039967
1733.7,0.039964,0.039967
1734.7,0.039964,0.039967
1735.7,0.039964,0.039967
1736.7,0.039964,0.039967
1737.7,0.039964,0.039967
1738.7,0.039964,0.039967
1739.7,0.039964,0.039967
1740.7,0.039964,0.039967
1741.7,0.039964,0.039967
1742.7,0.039964,0.039967
1743.7,0.039964,0.039967
1744.7,0.039964,0.039967
1745.7,0.039964,0.039967
1746.7,0.039964,0.039967
1747.7,0.039964,0.039967
1748.7,0.039964,0.039967
1749.7,0.039964,0.039967
1750.7,0.039964,0.039967
1751.7,0.039964,0.039967
1752.7,0.039964,0.039967
1753.7,0.039964,0.039967
1754.7,0.039964,0.039967
1755.7,0.039964,0.039966
1756.7,0.039964,0.039966
1757.7,0.039964,0.039966
1758.7,0.039964,0.039966
1759.7,0.039964,0.039966
1760.7,0.039964,0.039966
1761.7,0.039964,0.039966
1762.7,0.039964,0.039966
1763.7,0.039964,0.039966
1764.7,0.039964,0.039966
1765.7,0.039964,0.039966
1766.7,0.039964,0.039966
1767.7,0.039964,0.039966
1768.7,0.039964,0.039966
1769.7,0.039964,0.039966
1770.7,0.039964,0.039966
1771.7,0.039964,0.039966
1772.7,0.039964,0.039966
1773.7,0.039964,0.039966
1774.7,0.039964,0.039966
1775.7,0.039964,0.039966
1776.7,0.039964,0.039966
1777.7,0.039964,0.039966
1778.7,0.039964,0.039966
1779.7,0.039964,0.039966
1780.7,0.039964,0.039966
1781.7,0.039964,0.039966
1782.7,0.039964,0.039966
1783.7,0.039964,0.039966
1784.7,0.039964,0.039966
1785.7,0.039964,0.039966
1786.7,0.039964,0.039966
1787.7,0.039964,0.039965
1788.7,0.039964,0.039965
1789.7,0.039964,0.039965
1790.7,0.039964,0.039965
1791.7,0.039964,0.039965
1792.7,0.039964,0.039965
1793.7,0.039964,0.039965
1794.7,0.039964,0.039965
1795.7,0.039964,0.039965
1796.7,0.039964,0.039965
1797.7,0.039964,0.039965
1798.7,0.039964,0.039965
1799.7,0.039964,0.039965
1800,0.039964,0.039965
1800.3,0.039964,0.039965
1800.5,0.039964,0.039965
1800.8,0.039964,0.039965
1801.1,0.039964,0.039965
1801.3,0.039964,0.039965
1802.3,0.039964,0.039965
1803.3,0.039964,0.039965
1804.3,0.039964,0.039965
1805.3,0.039964,0.039965
1806.3,0.039964,0.039965
1807.3,0.039964,0.039965
1808.3,0.039964,0.039965
1809.3,0.039964,0.039965
1810.3,0.039964,0.039965
1811.3,0.039964,0.039965
1812.3,0.039964,0.039965
1813.3,0.039964,0.039965
1814.3,0.039964,0.039965
1815.3,0.039964,0.039965
1816.3,0.039964,0.039965
1817.3,0.039964,0.039965
1818.3,0.039964,0.039965
1819.3,0.039964,0.039965
1820.3,0.039964,0.039965
1821.3,0.039964,0.039965
1822.3,0.039964,0.039965
1823.3,0.039964,0.039965
1824.3,0.039964,0.039965
1825.3,0.039964,0.039965
1826.3,0.039964,0.039965
1827.3,0.039964,0.039965
1828.3,0.039964,0.039965
1829.3,0.039964,0.039965
1830.3,0.039964,0.039965
1831.3,0.039964,0.039965
1832.3,0.039964,0.039964
1833.3,0.039964,0.039964
1834.3,0.039964,0.039964
1835.3,0.039964,0.039964
1836.3,0.039964,0.039964
1837.3,0.039964,0.039964
1838.3,0.039964,0.039964
1839.3,0.039964,0.039964
1840.3,0.039964,0.039964
1841.3,0.039964,0.039964
1842.3,0.039964,0.039964
1843.3,0.039964,0.039964
1844.3,0.039964,0.039964
1845.3,0.039964,0.039964
1846.3,0.039964,0.039964
1847.3,0.039964,0.039964
1848.3,0.039964,0.039964
1849.3,0.039964,0.039964
1850.3,0.039964,0.039964
1851.3,0.039964,0.039964
1852.3,0.039964,0.039964
1853.3,0.039964,0.039964
1854.3,0.039964,0.039964
1855.3,0.039964,0.039964
1856.3,0.039964,0.039964
1857.3,0.039964,0.039964
1858.3,0.039964,0.039964
1859.3,0.039964,0.039964
1860.3,0.039964,0.039964
1861.3,0.039964,0.039964
1862.3,0.039964,0.039964
1863.3,0.039964,0.039964
1864.3,0.039964,0.039964
1865.3,0.039964,0.039964
1866.3,0.039964,0.039964
1867.3,0.039964,0.039964
1868.3,0.039964,0.039964
1869.3,0.039964,0.039964
1870.3,0.039964,0.039964
1871.3,0.039964,0.039964
1872.3,0.039964,0.039964
1873.3,0.039964,0.039964
1874.3,0.039964,0.039964
1875.3,0.039964,0.039964
1876.3,0.039964,0.039964
1877.3,0.039964,0.039964
1878.3,0.039964,0.039964
1879.3,0.039964,0.039964
1880.3,0.039964,0.039964
1881.3,0.039964,0.039964
1882.3,0.039964,0.039964
1883.3,0.039964,0.039964
1884.3,0.039964,0.039964
1885.3,0.039964,0.039964
1886.3,0.039964,0.039964
1887.3,0.039964,0.039964
1888.3,0.039964,0.039964
1889.3,0.039964,0.039964
1890.3,0.039964,0.039964
1891.3,0.039964,0.039964
1892.3,0.039964,0.039964
1893.3,0.039964,0.039964
1894.3,0.039964,0.039964
1895.3,0.039964,0.039964
1896.3,0.039964,0.039964
1897.3,0.039964,0.039964
1898.3,0.039964,0.039964
1899.3,0.039964,0.039964
1900,0.039964,0.039964
1900.7,0.039964,0.039964
1901.3,0.039964,0.039964
1902,0.039964,0.039964
1902.7,0.039964,0.039964
1903.3,0.039964,0.039964
1904.3,0.039964,0.039964
1905.3,0.039964,0.039964
1906.3,0.039964,0.039964
1907.3,0.039964,0.039964
1908.3,0.039964,0.039964
1909.3,0.039964,0.039964
1910.3,0.039964,0.039964
1911.3,0.039964,0.039964
1912.3,0.039964,0.039964
1913.3,0.039964,0.039964
1914.3,0.039964,0.039964
1915.3,0.039964,0.039964
1916.3,0.039964,0.039964
1917.3,0.039964,0.039964
1918.3,0.039964,0.039964
1919.3,0.039964,0.039964
1920.3,0.039964,0.039964
1921.3,0.039964,0.039964
1922.3,0.039964,0.039964
1923.3,0.039964,0.039964
1924.3,0.039964,0.039964
1925.3,0.039964,0.039964
1926.3,0.039964,0.039964
1927.3,0.039964,0.039964
1928.3,0.039964,0.039964
1929.3,0.039964,0.039964
1930.3,0.039964,0.039964
1931.3,0.039964,0.039964
1932.3,0.039964,0.039964
1933.3,0.039964,0.039964
1934.3,0.039964,0.039964
1935.3,0.039964,0.039964
1936.3,0.039964,0.039964
1937.3,0.039964,0.039964
1938.3,0.039964,0.039964
1939.3,0.039964,0.039964
1940.3,0.039964,0.039964
1941.3,0.039964,0.039964
1942.3,0.039964,0.039964
1943.3,0.039964,0.039964
1944.3,0.039964,0.039964
1945.3,0.039964,0.039964
1946.3,0.039964,0.039964
1947.3,0.039964,0.039964
1948.3,0.039964,0.039964
1949.3,0.039964,0.039964
1950.3,0.039964,0.039964
1951.3,0.039964,0.039964
1952.3,0.039964,0.039964
1953.3,0.039964,0.039964
1954.3,0.039964,0.039964
1955.3,0.039964,0.039964
1956.3,0.039964,0.039964
1957.3,0.039964,0.039964
1958.3,0.039964,0.039964
1959.3,0.039964,0.039964
1960.3,0.039964,0.039964
1961.3,0.039964,0.039964
1962.3,0.039964,0.039964
1963.3,0.039964,0.039964
1964.3,0.039964,0.039964
1965.3,0.039964,0.039964
1966.3,0.039964,0.039964
1967.3,0.039964,0.039964
1968.3,0.039964,0.039964
1969.3,0.039964,0.039964
1970.3,0.039964,0.039964
1971.3,0.039964,0.039964
1972.3,0.039964,0.039964
1973.3,0.039964,0.039964
1974.3,0.039964,0.039964
1975.3,0.039964,0.039964
1976.3,0.039964,0.039964
1977.3,0.039964,0.039964
1978.3,0.039964,0.039964
1979.3,0.039964,0.039964
1980.3,0.039964,0.039964
1981.3,0.039964,0.039964
1982.3,0.039964,0.039964
1983.3,0.039964,0.039964
1984.3,0.039964,0.039964
1985.3,0.039964,0.039964
1986.3,0.039964,0.039964
1987.3,0.039964,0.039964
1988.3,0.039964,0.039964
1989.3,0.039964,0.039964
1990.3,0.039964,0.039964
1991.3,0.039964,0.039964
1992.3,0.039964,0.039964
1993.3,0.039964,0.039964
1994.3,0.039964,0.039964
1995.3,0.039964,0.039964
1996.3,0.039964,0.039964
1997.3,0.039964,0.039964
1998.3,0.039964,0.039964
1999.3,0.039964,0.039963
2000,0.039964,0.039963
